source_id,source_name,source_type,url_or_location,license_status,access_method,reliability_level,estimated_doc_count,checked_by,check_date,note
SRC-001,Giáo trình Y học cổ truyền- Thư viện số Y dược Mekong,Giáo trình,https://ydmekong.edu.vn/public/upload/files/Library/16_GT%20Y%20SY_%20Y%20Hoc%20Co%20Truyen.pdf ,Public/Government,Direct PDF Download,Trung bình,1,Kha,2026-09-14,
SRC-002,Sổ tay thuốc nam chữa bệnh tuyến cơ sở- Viện YHCT Quân đội,Giáo trình,https://yhoccotruyenqd.vn/download/Y-hoc-co-truyen/So-tay-thuoc-nam-chua-benh-tuyen-co-so.html ,Public/Government,Direct PDF Download,Cao,1,Kha,2026-09-14,
SRC-003,Phòng và chữa bệnh bằng cây thuốc nam- Viện YHCT Quân đội,Giáo trình,https://yhoccotruyenqd.vn/download/Y-hoc-co-truyen/Phong-va-chua-benh-bang-cay-thuoc-nam.html ,Public/Government,Direct PDF Download,Cao,1,Kha,2026-09-14,
SRC-004,Bài giảng Y học cổ truyền tập 1- Khoa YHCT Đại học Y Hà Nội,Giáo trình,https://yhoccotruyenqd.vn/download/Y-hoc-co-truyen/Bai-giang-Y-hoc-co-truyen-tap-1.html ,Public/Government,Direct PDF Download,Cao,1,Kha,2026-09-14,
SRC-005,Bệnh học và điều trị đông y- Bộ Y tế,Giáo trình,https://yhoccotruyenqd.vn/download/Y-hoc-co-truyen/Benh-hoc-va-dieu-tri-dong-y.html ,Public/Government,Direct PDF Download,Cao,1,Kha,2026-09-14,
SRC-006,Y lý Y học cổ truyền- Bộ Y tế,Giáo trình,https://yhoccotruyenqd.vn/download/Y-hoc-co-truyen/Y-ly-Y-hoc-co-truyen.html ,Public/Government,Direct PDF Download,Cao,1,Kha,2026-09-14,
SRC-007,Giáo trình Y học cổ truyền- Nhà xuất bản Đại học Quốc gia Hà Nội,Giáo trình,https://vietbooks.info/threads/giao-trinh-y-hoc-co-truyen-nxb-dai-hoc-quoc-gia-2023-vu-nam-347-trang.104359/ ,Public/Government,Direct PDF Download,Cao,1,Kha,2026-09-14,
SRC-008,"Quyết định số 3991/QĐ-BYT về việc ban hành tài liệu chuyên môn “Hướng dẫn chẩn đoán và điều trị bệnh theo y học cổ truyền, kết hợp y học cổ truyền với y học hiện đại”, tập II",Công văn nhà nước,https://khoaduoc.pnt.edu.vn/vi/van-ban-phap-quy/quyet-dinh-so-3991-qd-byt-ve-viec-ban-hanh-tai-lieu-chuyen-mon-huong-dan-chan-doan-va-dieu-tri-benh-theo-y-hoc-co-truyen-ket-hop-y-hoc-co-truyen-voi-y-hoc-hien-dai-tap-ii  ,Public/Government,Direct PDF Download,Cao,1,Kha,9/14/2026,
SRC-009,"Quyết định số 5013/QĐ-BYT về việc ban hành tài liệu chuyên môn “Hướng dẫn chẩn đoán và điều trị bệnh theo y học cổ truyền, kết hợp y học cổ truyền với y học hiện đại”, tập I",Công văn nhà nước,http://benhvienyhctlaocai.gov.vn/upload/21262/20220427/QD_5013_01_12_2020_Huong_dan_chan_doan_va_dieu_tri_yhct__yhct_ket_hop_yhhd_514b49e7dd.pdf   ,Public/Government,Direct PDF Download,Cao,1,Kha,9/14/2026,
