manifest_id,file_name,source_id,source_url,license_status,file_hash_sha256,file_size_bytes,download_date,downloaded_by,storage_path,dataset_group,version,status
MF-0001,mirage_subset_300.json,MIRAGE,https://github.com/Teddy-XiongGZ/MIRAGE,Public Domain - U.S. Government Work,ae8d58949febaafea6c7a10ec2f311ec9328c1a5d2737b5dbfc2a5094963fc12,155940,9/11/2026,Kha,bronze/mirage-medrag/v1/mirage_subset_300.json,mirage-medrag,v1.0,verified
MF-0002,SRC-01_YLyYHCT_2008.pdf,SRC-01,https://yhoccotruyenqd.vn/download/Y-hoc-co-truyen/Y-ly-Y-hoc-co-truyen.html ,Public,e79fc557f0f619bcac65f980c57caa98eaf73a91d9fee94b3baf64404ed664c2,1022052,9/11/2026,Kha,bronze/yhct-corpus/SRC_giaotrinh/SRC-01_YLyYHCT_2008.pdf,yhct-corpus,v1.0,pending_license_review
MF-0003,SRC-02_SoTayThuocNam_2005.pdf,SRC-02,https://yhoccotruyenqd.vn/download/Y-hoc-co-truyen/So-tay-thuoc-nam-chua-benh-tuyen-co-so.html ,Public,848514da8daf3010df92f8475e8ac010cb3f00be0f1fa1d7e1e13b69f6e07dee,3651476,9/11/2026,Kha,bronze/yhct-corpus/SRC_giaotrinh/SRC-02_SoTayThuocNam_2005.pdf,yhct-corpus,v1.0,pending_license_review
MF-0004,SRC-03_CayThuocNam_2003.pdf,SRC-03,https://yhoccotruyenqd.vn/download/Y-hoc-co-truyen/Phong-va-chua-benh-bang-cay-thuoc-nam.html ,Public,58d90eb9ffc7dbac1222ca08397f87d4091d099db782e48453604082e0f5ffb7,1638924,9/11/2026,Kha,bronze/yhct-corpus/SRC_giaotrinh/SRC-03_CayThuocNam_2003.pdf,yhct-corpus,v1.0,pending_license_review
MF-0005,SRC-04_BenhhocDTDY_2007.pdf,SRC-04,https://yhoccotruyenqd.vn/download/Y-hoc-co-truyen/Benh-hoc-va-dieu-tri-dong-y.html ,Public,cfc2bcf6957aae063a220e8b1cff955fe1151ed276ceaf0615faaa751ac50a45,5286382,9/11/2026,Kha,bronze/yhct-corpus/SRC_giaotrinh/SRC-04_BenhhocDTDY_2007.pdf,yhct-corpus,v1.0,pending_license_review
MF-0006,SRC-05_BG-YHCT-Tap1_2005.pdf,SRC-05,https://yhoccotruyenqd.vn/download/Y-hoc-co-truyen/Bai-giang-Y-hoc-co-truyen-tap-1.html ,Public,90c8d502724456704fccb5e0a05da7ae9ce1ee0af7b39d2bd5a9dc1739d3fe8c,6916610,9/11/2026,Kha,bronze/yhct-corpus/SRC_giaotrinh/SRC-05_BG-YHCT-Tap1_2005.pdf,yhct-corpus,v1.0,pending_license_review
MF-0007,SRC-06_GT-YHCT_2023.pdf,SRC-06,https://vietbooks.info/threads/giao-trinh-y-hoc-co-truyen-nxb-dai-hoc-quoc-gia-2023-vu-nam-347-trang.104359/ ,Public,23e85f10bd4396a16b795abfd9e66f52dc3a667295e42810108087fc15234edf,99078231,9/11/2026,Kha,bronze/yhct-corpus/SRC_giaotrinh/SRC-06_GT-YHCT_2023.pdf,yhct-corpus,v1.0,pending_license_review
MF-0008,SRC-07_GTYHCT_2021.pdf,SRC-07,https://ydmekong.edu.vn/public/upload/files/Library/16_GT%20Y%20SY_%20Y%20Hoc%20Co%20Truyen.pdf ,Public,410b91354b13fd38c45310d5e894e30ad198e36e93fca2ab2161b734a4df1029,1866651,9/11/2026,Kha,bronze/yhct-corpus/SRC_giaotrinh/SRC-07_GTYHCT_2021.pdf,yhct-corpus,v1.0,pending_license_review
MF-0009,SRC-08_QD3991_2025.pdf,SRC-08,https://khoaduoc.pnt.edu.vn/vi/van-ban-phap-quy/quyet-dinh-so-3991-qd-byt-ve-viec-ban-hanh-tai-lieu-chuyen-mon-huong-dan-chan-doan-va-dieu-tri-benh-theo-y-hoc-co-truyen-ket-hop-y-hoc-co-truyen-voi-y-hoc-hien-dai-tap-ii  ,Public by Bộ Y tế,bec97baf7acd25948bb814f6c5c2990f16f46ee453f0d23dd0b83fa8b85622ba,2908318,9/11/2026,Kha,bronze/yhct-corpus/SRC_nhanuoc/SRC-08_QD3991_2025.pdf,yhct-corpus,v1.0,pending_license_review
MF-0010,SRC-09_QD5013_2020.pdf,SRC-09,http://benhvienyhctlaocai.gov.vn/upload/21262/20220427/QD_5013_01_12_2020_Huong_dan_chan_doan_va_dieu_tri_yhct__yhct_ket_hop_yhhd_514b49e7dd.pdf   ,Public by Bộ Y tế,a29d2818cf85323aefd2bcf3fb346b9486f704b74d0ac464926ed53fa2524017,3916569,9/11/2026,Kha,bronze/yhct-corpus/SRC_nhanuoc/SRC-09_QD5013_2020.pdf,yhct-corpus,v1.0,pending_license_review
